{
    "model": "TinyVGG",
    "device": "cuda",
    "learning_rate": 0.001,
    "batch_size": 64,
    "augmentation": true,
    "batch_norm": true,
    "dropout": 0.2,
    "train_loss": [
        1.6605275842666627,
        1.3401226464271545,
        1.1906954782485961,
        1.095054201412201,
        1.028389915561676,
        0.9740725929260254,
        0.9320169722557068,
        0.8931916680335998,
        0.8739580949783325,
        0.8461491462230682,
        0.8195453395843506,
        0.8098051106452941,
        0.7856296710014343,
        0.7734267708778382,
        0.7531711111545563,
        0.7511399837493896,
        0.7317652432918549,
        0.7245781364440917,
        0.7149781792640686,
        0.7065078857421875
    ],
    "train_accuracy": [
        0.4041750133037567,
        0.5242000222206116,
        0.5804749727249146,
        0.6122499704360962,
        0.6393250226974487,
        0.6569499969482422,
        0.6735749840736389,
        0.6874250173568726,
        0.6949750185012817,
        0.7056000232696533,
        0.7126500010490417,
        0.7185750007629395,
        0.7293499708175659,
        0.7331500053405762,
        0.7405750155448914,
        0.739549994468689,
        0.7484250068664551,
        0.7500500082969666,
        0.7532250285148621,
        0.7542750239372253
    ],
    "val_loss": [
        1.3854219423294067,
        1.1655133863449096,
        1.0024749172210694,
        0.9688579416275025,
        0.8751284343719482,
        0.8392416604042053,
        0.8038566854476928,
        0.7792334642410278,
        0.7268983981132507,
        0.7526900018215179,
        0.7082113540649414,
        0.6791852290153504,
        0.690769827079773,
        0.6581462604522705,
        0.6938835070133209,
        0.6428564920425415,
        0.625457372713089,
        0.6282367834091187,
        0.6016634556770325,
        0.6061874853134155
    ],
    "val_accuracy": [
        0.5012999773025513,
        0.5817999839782715,
        0.6413999795913696,
        0.6517999768257141,
        0.6937000155448914,
        0.7049999833106995,
        0.7139000296592712,
        0.7257999777793884,
        0.7444999814033508,
        0.7383999824523926,
        0.7555000185966492,
        0.7666000127792358,
        0.7612000107765198,
        0.7688999772071838,
        0.758899986743927,
        0.7767000198364258,
        0.7847999930381775,
        0.78329998254776,
        0.791100025177002,
        0.788100004196167
    ],
    "epochs": 20,
    "train_time": 705.077657699585
}