{
    "model": "TinyVGG",
    "device": "cuda",
    "learning_rate": 0.001,
    "batch_size": 64,
    "augmentation": true,
    "batch_norm": true,
    "dropout": 0,
    "train_loss": [
        1.4567348092079162,
        1.0526341457366943,
        0.919199258518219,
        0.8354726305961608,
        0.767308900642395,
        0.7243540229797363,
        0.6827989193916321,
        0.6499400331020355,
        0.6295496878623963,
        0.59859243516922,
        0.574024684047699,
        0.5624953179836273,
        0.539275577545166,
        0.5214658264160156,
        0.5149550163984299,
        0.4995636211872101,
        0.4840243150949478,
        0.47620778090953825,
        0.4701816251039505,
        0.4511431345462799
    ],
    "train_accuracy": [
        0.47622498869895935,
        0.6277499794960022,
        0.6800000071525574,
        0.7087500095367432,
        0.7346500158309937,
        0.7463750243186951,
        0.7628250122070312,
        0.7745749950408936,
        0.7799999713897705,
        0.7921500205993652,
        0.8025500178337097,
        0.8063499927520752,
        0.8131250143051147,
        0.8203750252723694,
        0.8218250274658203,
        0.8277249932289124,
        0.8309000134468079,
        0.8349499702453613,
        0.8359000086784363,
        0.8428500294685364
    ],
    "val_loss": [
        1.506335624885559,
        1.0806926336288452,
        0.9802263975143433,
        0.8377565927505494,
        0.9117178867340088,
        0.7590182642936707,
        0.8013147499084473,
        0.7159921365737915,
        0.776002375793457,
        0.6535130180358887,
        0.639595090007782,
        0.6241613496780396,
        0.6224570407867431,
        0.6288151512145996,
        0.6476709151744843,
        0.6211595826148987,
        0.6036784768104553,
        0.5964124542236328,
        0.595699061203003,
        0.5656375532627106
    ],
    "val_accuracy": [
        0.5110999941825867,
        0.6251999735832214,
        0.6600000262260437,
        0.7055000066757202,
        0.6869999766349792,
        0.7340999841690063,
        0.7329000234603882,
        0.7501999735832214,
        0.7328000068664551,
        0.7735999822616577,
        0.7802000045776367,
        0.7828999757766724,
        0.7856000065803528,
        0.788100004196167,
        0.78329998254776,
        0.7875000238418579,
        0.7947999835014343,
        0.7936000227928162,
        0.7990000247955322,
        0.8075000047683716
    ],
    "epochs": 20,
    "train_time": 671.1288368701935
}