{
    "model": "TinyVGG",
    "device": "cuda",
    "learning_rate": 0.001,
    "batch_size": 32,
    "augmentation": false,
    "batch_norm": false,
    "dropout": 0,
    "train_loss": [
        1.3542257318496704,
        0.8978791421890259,
        0.7320912041783333,
        0.627174911904335,
        0.5404643290042878,
        0.46735345494151115,
        0.4042192310094833,
        0.34544137599766256,
        0.2951805811613798,
        0.25808191584050655
    ],
    "train_accuracy": [
        0.5158500075340271,
        0.6876500248908997,
        0.742900013923645,
        0.7825750112533569,
        0.8113750219345093,
        0.8362749814987183,
        0.8576750159263611,
        0.8769999742507935,
        0.8946750164031982,
        0.9082249999046326
    ],
    "val_loss": [
        1.0178347069740294,
        0.8331705223083496,
        0.7865414554595948,
        0.7876805187225342,
        0.7700022668838501,
        0.8068562925338745,
        0.8577318470001221,
        0.9146098340034485,
        1.0299159222126006,
        1.0975309195518494
    ],
    "val_accuracy": [
        0.6482999920845032,
        0.7075999975204468,
        0.727400004863739,
        0.7301999926567078,
        0.738099992275238,
        0.7333999872207642,
        0.7408999800682068,
        0.7333999872207642,
        0.7314000129699707,
        0.722599983215332
    ],
    "epochs": 10,
    "train_time": 344.53233337402344
}