{
    "model": "TinyVGG",
    "device": "cuda",
    "learning_rate": 0.001,
    "batch_size": 64,
    "augmentation": true,
    "batch_norm": false,
    "dropout": 0,
    "train_loss": [
        1.5851118692398072,
        1.2291129908561707,
        1.0475257983207702,
        0.9414311025619507,
        0.8655865999221801,
        0.8174860846042633,
        0.7758384262084961,
        0.7419720280170441,
        0.717708054971695,
        0.6934305057525635,
        0.6706322125911712,
        0.655041774892807,
        0.6331928936958313,
        0.6251248696804047,
        0.6093710029125213,
        0.5999305068016052,
        0.5897533110618591,
        0.5882200200080872,
        0.5773781098842621,
        0.5546351326942444
    ],
    "train_accuracy": [
        0.42432498931884766,
        0.5620999932289124,
        0.6314499974250793,
        0.6720749735832214,
        0.6994500160217285,
        0.7156749963760376,
        0.7293000221252441,
        0.7408249974250793,
        0.7504000067710876,
        0.760325014591217,
        0.7662749886512756,
        0.7750250101089478,
        0.779325008392334,
        0.7856749892234802,
        0.7897250056266785,
        0.7886750102043152,
        0.7952250242233276,
        0.7986000180244446,
        0.800225019454956,
        0.8060749769210815
    ],
    "val_loss": [
        1.3847566032409668,
        1.1404761209487915,
        0.9817640287399292,
        0.8836653444290161,
        0.8440125288009643,
        0.835906227684021,
        0.7936170735359191,
        0.7546080877304077,
        0.7546425188064575,
        0.7280713642120361,
        0.7472826076507568,
        0.6780556091308594,
        0.687008568763733,
        0.6785269295692444,
        0.682075206565857,
        0.6553762320518494,
        0.6789306392192841,
        0.6659456608295441,
        0.6589695577621459,
        0.6790802737236022
    ],
    "val_accuracy": [
        0.5065000057220459,
        0.5947999954223633,
        0.6481999754905701,
        0.6862999796867371,
        0.699999988079071,
        0.7067000269889832,
        0.7222999930381775,
        0.7391999959945679,
        0.7368000149726868,
        0.7444000244140625,
        0.7354999780654907,
        0.7626000046730042,
        0.7610999941825867,
        0.766700029373169,
        0.7633000016212463,
        0.7703999876976013,
        0.7626000046730042,
        0.7716000080108643,
        0.7735000252723694,
        0.772599995136261
    ],
    "epochs": 20,
    "train_time": 652.1787366867065
}